m49_code,country,region,cpc_code,commodity,year,loss_percentage,loss_percentage_original,loss_quantity,activity,food_supply_stage,treatment,cause_of_loss,sample_size,method_data_collection,reference,url,notes
320,Guatemala,,1802,Sugar cane,2016,0.84,0.84%,281605,,Whole supply chain,,,,FAO's annual Agriculture Production Questionnaires,FAO Sources,,
320,Guatemala,,1802,Sugar cane,2015,0.85,0.85%,287393,,Whole supply chain,,,,FAO's annual Agriculture Production Questionnaires,FAO Sources,,
320,Guatemala,,1802,Sugar cane,2014,0.84,0.84%,279135,,Whole supply chain,,,,FAO's annual Agriculture Production Questionnaires,FAO Sources,,
320,Guatemala,,1802,Sugar cane,2011,1,1%,205861,,Whole supply chain,,,,FAO's annual Agriculture Production Questionnaires,FAO Sources,,
320,Guatemala,,1802,Sugar cane,2010,1,1%,223138,,Whole supply chain,,,,FAO's annual Agriculture Production Questionnaires,FAO Sources,,
320,Guatemala,,1802,Sugar cane,2009,1,1%,215257,,Whole supply chain,,,,FAO's annual Agriculture Production Questionnaires,FAO Sources,,
320,Guatemala,,1802,Sugar cane,2008,1,1%,203119,,Whole supply chain,,,,FAO's annual Agriculture Production Questionnaires,FAO Sources,,
320,Guatemala,,1802,Sugar cane,2007,1,1%,203125,,Whole supply chain,,,,FAO's annual Agriculture Production Questionnaires,FAO Sources,,
320,Guatemala,,1802,Sugar cane,2006,1,1%,176316,,Whole supply chain,,,,FAO's annual Agriculture Production Questionnaires,FAO Sources,,
320,Guatemala,,1802,Sugar cane,2005,1,1%,180076,,Whole supply chain,,,,FAO's annual Agriculture Production Questionnaires,FAO Sources,,
356,India,Tamil Nadu,1372,"Cashew nuts, in shell",2016,7.72,7.72%,,,Whole supply chain,,,,Literature Review,"rajesh (2016), assessment of quantitative harvest and post-harvest losses of major crops/commodities in india",, Reference has been generated automatically
356,India,Karnataka,1372,"Cashew nuts, in shell",2016,2.49,2.49%,,,Whole supply chain,,,,Literature Review,"rajesh (2016), assessment of quantitative harvest and post-harvest losses of major crops/commodities in india",, Reference has been generated automatically
356,India,,1372,"Cashew nuts, in shell",2016,1.45,1.45%,,Harvesting,Harvest,,,,Literature Review,"rajesh (2016), assessment of quantitative harvest and post-harvest losses of major crops/commodities in india",, Reference has been generated automatically
356,India,,1372,"Cashew nuts, in shell",2016,4.17,4.17%,,,Whole supply chain,,,,Literature Review,"rajesh (2016), assessment of quantitative harvest and post-harvest losses of major crops/commodities in india",, Reference has been generated automatically
356,India,,1372,"Cashew nuts, in shell",2016,3.82,3.82%,,,Farm,,,,Literature Review,"rajesh (2016), assessment of quantitative harvest and post-harvest losses of major crops/commodities in india",, Reference has been generated automatically
356,India,Andhra Pradesh,1372,"Cashew nuts, in shell",2016,7.72,7.72%,,,Whole supply chain,,,,Literature Review,"rajesh (2016), assessment of quantitative harvest and post-harvest losses of major crops/commodities in india",, Reference has been generated automatically
356,India,Odisha,1372,"Cashew nuts, in shell",2016,4.68,4.68%,,,Whole supply chain,,,,Literature Review,"rajesh (2016), assessment of quantitative harvest and post-harvest losses of major crops/commodities in india",, Reference has been generated automatically
356,India,Kerala,1372,"Cashew nuts, in shell",2016,2.49,2.49%,,,Whole supply chain,,,,Literature Review,"rajesh (2016), assessment of quantitative harvest and post-harvest losses of major crops/commodities in india",, Reference has been generated automatically
356,India,,1654,"Anise, badian, coriander, cumin, caraway, fennel and juniper berries, raw",2016,5.87,5.87%,,,Whole supply chain,,,,Literature Review,"rajesh (2016), assessment of quantitative harvest and post-harvest losses of major crops/commodities in india",, Reference has been generated automatically
356,India,,1654,"Anise, badian, coriander, cumin, caraway, fennel and juniper berries, raw",2016,2.48,2.48%,,Harvesting,Harvest,,,,Literature Review,"rajesh (2016), assessment of quantitative harvest and post-harvest losses of major crops/commodities in india",, Reference has been generated automatically
356,India,,1654,"Anise, badian, coriander, cumin, caraway, fennel and juniper berries, raw",2016,0.55,0.55%,,Storage,Storage,,,,Literature Review,"rajesh (2016), assessment of quantitative harvest and post-harvest losses of major crops/commodities in india",, Reference has been generated automatically
356,India,,1654,"Anise, badian, coriander, cumin, caraway, fennel and juniper berries, raw",2016,5.33,5.33%,,Farm,Farm,,,,Literature Review,"rajesh (2016), assessment of quantitative harvest and post-harvest losses of major crops/commodities in india",, Reference has been generated automatically
356,India,,1654,"Anise, badian, coriander, cumin, caraway, fennel and juniper berries, raw",2016,2.48,2.48%,,Harvesting,Harvest,,,,Literature Review,"rajesh (2016), assessment of quantitative harvest and post-harvest losses of major crops/commodities in india",, Reference has been generated automatically
356,India,,1699,"Other stimulant, spice and aromatic crops, n.e.c.",2016,2.41,2.41%,,Harvesting,Harvest,,,,Literature Review,"rajesh (2016), assessment of quantitative harvest and post-harvest losses of major crops/commodities in india",, Reference has been generated automatically
356,India,,1699,"Other stimulant, spice and aromatic crops, n.e.c.",2016,3.6,3.60%,,"Collection, Drying, Harvesting, Packaging, Sorting, Transportation",Farm,,,,Literature Review,"rajesh (2016), assessment of quantitative harvest and post-harvest losses of major crops/commodities in india",, Reference has been generated automatically
356,India,,1699,"Other stimulant, spice and aromatic crops, n.e.c.",2016,4.44,4.44%,,"Collection, Drying, Harvesting, Packaging, Processing, Retailing, Sorting, Transportation, Wholesale",Whole supply chain,,,,Literature Review,"rajesh (2016), assessment of quantitative harvest and post-harvest losses of major crops/commodities in india",, Reference has been generated automatically
356,India,,1802,Sugar cane,2016,7.89,7.89%,,,Whole supply chain,,,,Literature Review,"rajesh (2016), assessment of quantitative harvest and post-harvest losses of major crops/commodities in india",, Reference has been generated automatically
356,India,,1802,Sugar cane,2016,2.11,2.11%,,Harvesting,Harvest,,,,Literature Review,"rajesh (2016), assessment of quantitative harvest and post-harvest losses of major crops/commodities in india",, Reference has been generated automatically
356,India,Assam,1802,Sugar cane,2016,2.3,2.30%,,,Whole supply chain,,,,Literature Review,"rajesh (2016), assessment of quantitative harvest and post-harvest losses of major crops/commodities in india",, Reference has been generated automatically
356,India,,1802,Sugar cane,2016,7.29,7.29%,,Farm,Farm,,,,Literature Review,"rajesh (2016), assessment of quantitative harvest and post-harvest losses of major crops/commodities in india",, Reference has been generated automatically
356,India,Andhra Pradesh,1802,Sugar cane,2016,7.07,7.07%,,,Whole supply chain,,,,Literature Review,"rajesh (2016), assessment of quantitative harvest and post-harvest losses of major crops/commodities in india",, Reference has been generated automatically
356,India,,1372,"Cashew nuts, in shell",2014,0.07,0.07,,Transportation,Transport,,,3 agro-climatic zones,Survey,"S.N.Jha, P.K. Vishwakarma Tauqueer Ahmad ; ICAR-All India Coordinated Research Project on Post-Harvest Technology",http://www.ciphet.in/upload/sphl/MOFPI%20REPORT1.pdf,
356,India,,1372,"Cashew nuts, in shell",2014,0.03,0.03,,Retailing,Storage,,,3 agro-climatic zones,Survey,"S.N.Jha, P.K. Vishwakarma Tauqueer Ahmad ; ICAR-All India Coordinated Research Project on Post-Harvest Technology",http://www.ciphet.in/upload/sphl/MOFPI%20REPORT1.pdf,
356,India,,1372,"Cashew nuts, in shell",2014,1.34,1.34,,Threshing,Farm,,,3 agro-climatic zones,Survey,"S.N.Jha, P.K. Vishwakarma Tauqueer Ahmad ; ICAR-All India Coordinated Research Project on Post-Harvest Technology",http://www.ciphet.in/upload/sphl/MOFPI%20REPORT1.pdf,
356,India,,1372,"Cashew nuts, in shell",2014,0.14,0.14,,Wholesale,Storage,,,3 agro-climatic zones,Survey,"S.N.Jha, P.K. Vishwakarma Tauqueer Ahmad ; ICAR-All India Coordinated Research Project on Post-Harvest Technology",http://www.ciphet.in/upload/sphl/MOFPI%20REPORT1.pdf,
356,India,,1372,"Cashew nuts, in shell",2014,4.17,4.17,,,Whole supply chain,,Physical Losses,,Survey,"S.N.Jha, P.K. Vishwakarma Tauqueer Ahmad ; ICAR-All India Coordinated Research Project on Post-Harvest Technology",http://www.ciphet.in/upload/sphl/MOFPI%20REPORT1.pdf,
356,India,,1372,"Cashew nuts, in shell",2014,0.3,0.3,,"Cleaning, Winnowing",Farm,,,3 agro-climatic zones,Survey,"S.N.Jha, P.K. Vishwakarma Tauqueer Ahmad ; ICAR-All India Coordinated Research Project on Post-Harvest Technology",http://www.ciphet.in/upload/sphl/MOFPI%20REPORT1.pdf,
356,India,,1372,"Cashew nuts, in shell",2014,0.17,0.17,,Processing,Storage,,,3 agro-climatic zones,Survey,"S.N.Jha, P.K. Vishwakarma Tauqueer Ahmad ; ICAR-All India Coordinated Research Project on Post-Harvest Technology",http://www.ciphet.in/upload/sphl/MOFPI%20REPORT1.pdf,
356,India,,1372,"Cashew nuts, in shell",2014,0.07,0.07,,Drying,Farm,,,3 agro-climatic zones,Survey,"S.N.Jha, P.K. Vishwakarma Tauqueer Ahmad ; ICAR-All India Coordinated Research Project on Post-Harvest Technology",http://www.ciphet.in/upload/sphl/MOFPI%20REPORT1.pdf,
356,India,,1372,"Cashew nuts, in shell",2014,1.45,1.45,,Harvesting,Harvest,,,3 agro-climatic zones,Survey,"S.N.Jha, P.K. Vishwakarma Tauqueer Ahmad ; ICAR-All India Coordinated Research Project on Post-Harvest Technology",http://www.ciphet.in/upload/sphl/MOFPI%20REPORT1.pdf,
356,India,,1372,"Cashew nuts, in shell",2014,0.57,0.57,,Collection,Farm,,,3 agro-climatic zones,Survey,"S.N.Jha, P.K. Vishwakarma Tauqueer Ahmad ; ICAR-All India Coordinated Research Project on Post-Harvest Technology",http://www.ciphet.in/upload/sphl/MOFPI%20REPORT1.pdf,
356,India,,1654,"Anise, badian, coriander, cumin, caraway, fennel and juniper berries, raw",2014,0.01,0.01,,Drying,Farm,,,2 agro-climatic zones,Survey,"S.N.Jha, P.K. Vishwakarma Tauqueer Ahmad ; ICAR-All India Coordinated Research Project on Post-Harvest Technology",http://www.ciphet.in/upload/sphl/MOFPI%20REPORT1.pdf,
356,India,,1654,"Anise, badian, coriander, cumin, caraway, fennel and juniper berries, raw",2014,0.26,0.26,,Retailing,Storage,,,2 agro-climatic zones,Survey,"S.N.Jha, P.K. Vishwakarma Tauqueer Ahmad ; ICAR-All India Coordinated Research Project on Post-Harvest Technology",http://www.ciphet.in/upload/sphl/MOFPI%20REPORT1.pdf,
356,India,,1654,"Anise, badian, coriander, cumin, caraway, fennel and juniper berries, raw",2014,0.03,0.03,,Storage,Storage,,,2 agro-climatic zones,Survey,"S.N.Jha, P.K. Vishwakarma Tauqueer Ahmad ; ICAR-All India Coordinated Research Project on Post-Harvest Technology",http://www.ciphet.in/upload/sphl/MOFPI%20REPORT1.pdf,
356,India,,1654,"Anise, badian, coriander, cumin, caraway, fennel and juniper berries, raw",2014,0.92,0.92,,Collection,Farm,,,2 agro-climatic zones,Survey,"S.N.Jha, P.K. Vishwakarma Tauqueer Ahmad ; ICAR-All India Coordinated Research Project on Post-Harvest Technology",http://www.ciphet.in/upload/sphl/MOFPI%20REPORT1.pdf,
356,India,,1654,"Anise, badian, coriander, cumin, caraway, fennel and juniper berries, raw",2014,0.31,0.31,,Transportation,Transport,,,2 agro-climatic zones,Survey,"S.N.Jha, P.K. Vishwakarma Tauqueer Ahmad ; ICAR-All India Coordinated Research Project on Post-Harvest Technology",http://www.ciphet.in/upload/sphl/MOFPI%20REPORT1.pdf,
356,India,,1654,"Anise, badian, coriander, cumin, caraway, fennel and juniper berries, raw",2014,1.07,1.07,,Threshing,Farm,,,2 agro-climatic zones,Survey,"S.N.Jha, P.K. Vishwakarma Tauqueer Ahmad ; ICAR-All India Coordinated Research Project on Post-Harvest Technology",http://www.ciphet.in/upload/sphl/MOFPI%20REPORT1.pdf,
356,India,,1654,"Anise, badian, coriander, cumin, caraway, fennel and juniper berries, raw",2014,0.09,0.09,,Packaging,Farm,,,2 agro-climatic zones,Survey,"S.N.Jha, P.K. Vishwakarma Tauqueer Ahmad ; ICAR-All India Coordinated Research Project on Post-Harvest Technology",http://www.ciphet.in/upload/sphl/MOFPI%20REPORT1.pdf,
356,India,,1654,"Anise, badian, coriander, cumin, caraway, fennel and juniper berries, raw",2014,2.48,2.48,,Harvesting,Harvest,,,2 agro-climatic zones,Survey,"S.N.Jha, P.K. Vishwakarma Tauqueer Ahmad ; ICAR-All India Coordinated Research Project on Post-Harvest Technology",http://www.ciphet.in/upload/sphl/MOFPI%20REPORT1.pdf,
356,India,,1654,"Anise, badian, coriander, cumin, caraway, fennel and juniper berries, raw",2014,0.45,0.45,,"Cleaning, Winnowing",Farm,,,2 agro-climatic zones,Survey,"S.N.Jha, P.K. Vishwakarma Tauqueer Ahmad ; ICAR-All India Coordinated Research Project on Post-Harvest Technology",http://www.ciphet.in/upload/sphl/MOFPI%20REPORT1.pdf,
356,India,,1654,"Anise, badian, coriander, cumin, caraway, fennel and juniper berries, raw",2014,5.87,5.87,,,Whole supply chain,,Physical Losses,,Survey,"S.N.Jha, P.K. Vishwakarma Tauqueer Ahmad ; ICAR-All India Coordinated Research Project on Post-Harvest Technology",http://www.ciphet.in/upload/sphl/MOFPI%20REPORT1.pdf,
356,India,,1654,"Anise, badian, coriander, cumin, caraway, fennel and juniper berries, raw",2014,0.27,0.27,,Wholesale,Storage,,,2 agro-climatic zones,Survey,"S.N.Jha, P.K. Vishwakarma Tauqueer Ahmad ; ICAR-All India Coordinated Research Project on Post-Harvest Technology",http://www.ciphet.in/upload/sphl/MOFPI%20REPORT1.pdf,
356,India,,1699,"Other stimulant, spice and aromatic crops, n.e.c.",2014,2.41,2.41,,Harvesting,Harvest,,,4 agro-climatic zones,,"S.N.Jha, P.K. Vishwakarma Tauqueer Ahmad ; ICAR-All India Coordinated Research Project on Post-Harvest Technology",http://www.ciphet.in/upload/sphl/MOFPI%20REPORT1.pdf,
356,India,,1699,"Other stimulant, spice and aromatic crops, n.e.c.",2014,0.06,0.06,,Retailing,Storage,,Poor Storage Practices,4 agro-climatic zones,,"S.N.Jha, P.K. Vishwakarma Tauqueer Ahmad ; ICAR-All India Coordinated Research Project on Post-Harvest Technology",http://www.ciphet.in/upload/sphl/MOFPI%20REPORT1.pdf,
356,India,,1699,"Other stimulant, spice and aromatic crops, n.e.c.",2014,0.04,0.04,,Transportation,Farm,,,4 agro-climatic zones,,"S.N.Jha, P.K. Vishwakarma Tauqueer Ahmad ; ICAR-All India Coordinated Research Project on Post-Harvest Technology",http://www.ciphet.in/upload/sphl/MOFPI%20REPORT1.pdf,
356,India,,1699,"Other stimulant, spice and aromatic crops, n.e.c.",2014,0.62,0.62,,Wholesale,Storage,,Poor Storage Practices,4 agro-climatic zones,,"S.N.Jha, P.K. Vishwakarma Tauqueer Ahmad ; ICAR-All India Coordinated Research Project on Post-Harvest Technology",http://www.ciphet.in/upload/sphl/MOFPI%20REPORT1.pdf,
356,India,,1699,"Other stimulant, spice and aromatic crops, n.e.c.",2014,0.09,0.09,,Packaging,Farm,,,4 agro-climatic zones,,"S.N.Jha, P.K. Vishwakarma Tauqueer Ahmad ; ICAR-All India Coordinated Research Project on Post-Harvest Technology",http://www.ciphet.in/upload/sphl/MOFPI%20REPORT1.pdf,
356,India,,1699,"Other stimulant, spice and aromatic crops, n.e.c.",2014,0.79,0.79,,"Grading, Sorting",Farm,,,4 agro-climatic zones,,"S.N.Jha, P.K. Vishwakarma Tauqueer Ahmad ; ICAR-All India Coordinated Research Project on Post-Harvest Technology",http://www.ciphet.in/upload/sphl/MOFPI%20REPORT1.pdf,
356,India,,1699,"Other stimulant, spice and aromatic crops, n.e.c.",2014,0.09,0.09,,Farm,Storage,,Poor Storage Practices,4 agro-climatic zones,,"S.N.Jha, P.K. Vishwakarma Tauqueer Ahmad ; ICAR-All India Coordinated Research Project on Post-Harvest Technology",http://www.ciphet.in/upload/sphl/MOFPI%20REPORT1.pdf,
356,India,,1699,"Other stimulant, spice and aromatic crops, n.e.c.",2014,0.06,0.06,,Processing,Storage,,Poor Storage Practices,4 agro-climatic zones,,"S.N.Jha, P.K. Vishwakarma Tauqueer Ahmad ; ICAR-All India Coordinated Research Project on Post-Harvest Technology",http://www.ciphet.in/upload/sphl/MOFPI%20REPORT1.pdf,
356,India,,1699,"Other stimulant, spice and aromatic crops, n.e.c.",2014,0.16,0.16,,Drying,Farm,,,4 agro-climatic zones,,"S.N.Jha, P.K. Vishwakarma Tauqueer Ahmad ; ICAR-All India Coordinated Research Project on Post-Harvest Technology",http://www.ciphet.in/upload/sphl/MOFPI%20REPORT1.pdf,
356,India,,1699,"Other stimulant, spice and aromatic crops, n.e.c.",2014,4.44,4.44,,,Whole supply chain,,Physical Losses,,,"S.N.Jha, P.K. Vishwakarma Tauqueer Ahmad ; ICAR-All India Coordinated Research Project on Post-Harvest Technology",http://www.ciphet.in/upload/sphl/MOFPI%20REPORT1.pdf,
356,India,,1699,"Other stimulant, spice and aromatic crops, n.e.c.",2014,0.1,0.1,,Collection,Farm,,,4 agro-climatic zones,,"S.N.Jha, P.K. Vishwakarma Tauqueer Ahmad ; ICAR-All India Coordinated Research Project on Post-Harvest Technology",http://www.ciphet.in/upload/sphl/MOFPI%20REPORT1.pdf,
356,India,,1802,Sugar cane,2014,1.02,1.02,,"Grading, Sorting",Farm,,,7 agro-climatic zones,,"S.N.Jha, P.K. Vishwakarma Tauqueer Ahmad ; ICAR-All India Coordinated Research Project on Post-Harvest Technology",http://www.ciphet.in/upload/sphl/MOFPI%20REPORT1.pdf,
356,India,,1802,Sugar cane,2014,0.07,0.07,,Packaging,Farm,,,7 agro-climatic zones,,"S.N.Jha, P.K. Vishwakarma Tauqueer Ahmad ; ICAR-All India Coordinated Research Project on Post-Harvest Technology",http://www.ciphet.in/upload/sphl/MOFPI%20REPORT1.pdf,
356,India,,1802,Sugar cane,2014,0.04,0.04,,Farm,Storage,,,7 agro-climatic zones,,"S.N.Jha, P.K. Vishwakarma Tauqueer Ahmad ; ICAR-All India Coordinated Research Project on Post-Harvest Technology",http://www.ciphet.in/upload/sphl/MOFPI%20REPORT1.pdf,
356,India,,1802,Sugar cane,2014,0.42,0.42,,Wholesale,Storage,,,7 agro-climatic zones,,"S.N.Jha, P.K. Vishwakarma Tauqueer Ahmad ; ICAR-All India Coordinated Research Project on Post-Harvest Technology",http://www.ciphet.in/upload/sphl/MOFPI%20REPORT1.pdf,
356,India,,1802,Sugar cane,2014,2.11,2.11,,Harvesting,Harvest,,,7 agro-climatic zones,,"S.N.Jha, P.K. Vishwakarma Tauqueer Ahmad ; ICAR-All India Coordinated Research Project on Post-Harvest Technology",http://www.ciphet.in/upload/sphl/MOFPI%20REPORT1.pdf,
356,India,,1802,Sugar cane,2014,0.11,0.11,,Retailing,Storage,,,7 agro-climatic zones,,"S.N.Jha, P.K. Vishwakarma Tauqueer Ahmad ; ICAR-All India Coordinated Research Project on Post-Harvest Technology",http://www.ciphet.in/upload/sphl/MOFPI%20REPORT1.pdf,
356,India,,1802,Sugar cane,2014,0.1,0.1,,Transportation,Farm,,,7 agro-climatic zones,,"S.N.Jha, P.K. Vishwakarma Tauqueer Ahmad ; ICAR-All India Coordinated Research Project on Post-Harvest Technology",http://www.ciphet.in/upload/sphl/MOFPI%20REPORT1.pdf,
356,India,,1802,Sugar cane,2014,3.95,3.95,,Drying,Farm,,,7 agro-climatic zones,,"S.N.Jha, P.K. Vishwakarma Tauqueer Ahmad ; ICAR-All India Coordinated Research Project on Post-Harvest Technology",http://www.ciphet.in/upload/sphl/MOFPI%20REPORT1.pdf,
356,India,,1802,Sugar cane,2014,0.04,0.04,,Processing,Storage,,,7 agro-climatic zones,,"S.N.Jha, P.K. Vishwakarma Tauqueer Ahmad ; ICAR-All India Coordinated Research Project on Post-Harvest Technology",http://www.ciphet.in/upload/sphl/MOFPI%20REPORT1.pdf,
356,India,,1802,Sugar cane,2014,0.04,0.04,,Collection,Farm,,,7 agro-climatic zones,,"S.N.Jha, P.K. Vishwakarma Tauqueer Ahmad ; ICAR-All India Coordinated Research Project on Post-Harvest Technology",http://www.ciphet.in/upload/sphl/MOFPI%20REPORT1.pdf,
356,India,,1802,Sugar cane,2014,7.89,7.89,,,Whole supply chain,,Physical Losses,,,"S.N.Jha, P.K. Vishwakarma Tauqueer Ahmad ; ICAR-All India Coordinated Research Project on Post-Harvest Technology",http://www.ciphet.in/upload/sphl/MOFPI%20REPORT1.pdf,
356,India,,1802,Sugar cane,2013,7.89,7.89%,,,Whole supply chain,,Sourced from Jha et  al. (2015,,Literature Review,"Durba Kashyap ,Tripti Agarwal  (2019), Food loss in India: water footprint, land footprint and GHG emissions",, Reference has been generated automatically
356,India,,1654,"Anise, badian, coriander, cumin, caraway, fennel and juniper berries, raw",2009,7.24,7.24%,0.3kg,Storage,Storage,Outside the Zero Energy Cool Chamber (ZECC),,,Controlled Experiment,Lisa Kitinoja (2010),,
356,India,,1654,"Anise, badian, coriander, cumin, caraway, fennel and juniper berries, raw",2009,3.86,3.86%,0.16kg,Storage,Storage,Trials in Zero Energy Cool Chamber (ZECC),,,Controlled Experiment,Lisa Kitinoja (2010),,
356,India,,1372,"Cashew nuts, in shell",2006,0.13,0.13,,Storage,Storage,,,,Survey,"ICAR - S.K. Nanda, P.K. Vishwakarma",https://www.researchgate.net/publication/280780214_Harvest_and_post_harvest_losses_of_major_crops_and_livestock_produce_in_India,
356,India,,1372,"Cashew nuts, in shell",2006,0.22,0.22,,Wholesale,Storage,,,,Survey,"ICAR - S.K. Nanda, P.K. Vishwakarma",https://www.researchgate.net/publication/280780214_Harvest_and_post_harvest_losses_of_major_crops_and_livestock_produce_in_India,
356,India,,1372,"Cashew nuts, in shell",2006,0.24,0.24,,Processing,Storage,,,,Survey,"ICAR - S.K. Nanda, P.K. Vishwakarma",https://www.researchgate.net/publication/280780214_Harvest_and_post_harvest_losses_of_major_crops_and_livestock_produce_in_India,
356,India,,1372,"Cashew nuts, in shell",2006,0.16,0.16,,Harvesting,Harvest,,,,Survey,"ICAR - S.K. Nanda, P.K. Vishwakarma",https://www.researchgate.net/publication/280780214_Harvest_and_post_harvest_losses_of_major_crops_and_livestock_produce_in_India,
356,India,,1372,"Cashew nuts, in shell",2006,0.37,0.37,,Threshing,Farm,,,,Survey,"ICAR - S.K. Nanda, P.K. Vishwakarma",https://www.researchgate.net/publication/280780214_Harvest_and_post_harvest_losses_of_major_crops_and_livestock_produce_in_India,
356,India,,1372,"Cashew nuts, in shell",2006,0.14,0.14,,Collection,Farm,,,,Survey,"ICAR - S.K. Nanda, P.K. Vishwakarma",https://www.researchgate.net/publication/280780214_Harvest_and_post_harvest_losses_of_major_crops_and_livestock_produce_in_India,
356,India,,1372,"Cashew nuts, in shell",2006,0.21,0.21,,Drying,Farm,,,,Survey,"ICAR - S.K. Nanda, P.K. Vishwakarma",https://www.researchgate.net/publication/280780214_Harvest_and_post_harvest_losses_of_major_crops_and_livestock_produce_in_India,
356,India,,1372,"Cashew nuts, in shell",2006,0.36,0.36,,Retailing,Storage,,,,Survey,"ICAR - S.K. Nanda, P.K. Vishwakarma",https://www.researchgate.net/publication/280780214_Harvest_and_post_harvest_losses_of_major_crops_and_livestock_produce_in_India,
356,India,,1372,"Cashew nuts, in shell",2006,0.01,0.01,,Transportation,Transport,,,,Survey,"ICAR - S.K. Nanda, P.K. Vishwakarma",https://www.researchgate.net/publication/280780214_Harvest_and_post_harvest_losses_of_major_crops_and_livestock_produce_in_India,
356,India,,1654,"Anise, badian, coriander, cumin, caraway, fennel and juniper berries, raw",2006,0.52,0.52,,Wholesale,Storage,,,,Survey,"ICAR - S.K. Nanda, P.K. Vishwakarma",https://www.researchgate.net/publication/280780214_Harvest_and_post_harvest_losses_of_major_crops_and_livestock_produce_in_India,
356,India,,1654,"Anise, badian, coriander, cumin, caraway, fennel and juniper berries, raw",2006,0.16,0.16,,Packaging,Farm,,,,Survey,"ICAR - S.K. Nanda, P.K. Vishwakarma",https://www.researchgate.net/publication/280780214_Harvest_and_post_harvest_losses_of_major_crops_and_livestock_produce_in_India,
356,India,,1654,"Anise, badian, coriander, cumin, caraway, fennel and juniper berries, raw",2006,0.37,0.37,,Drying,Farm,,,,Survey,"ICAR - S.K. Nanda, P.K. Vishwakarma",https://www.researchgate.net/publication/280780214_Harvest_and_post_harvest_losses_of_major_crops_and_livestock_produce_in_India,
356,India,,1654,"Anise, badian, coriander, cumin, caraway, fennel and juniper berries, raw",2006,2.19,2.19,,Harvesting,Harvest,,,,Survey,"ICAR - S.K. Nanda, P.K. Vishwakarma",https://www.researchgate.net/publication/280780214_Harvest_and_post_harvest_losses_of_major_crops_and_livestock_produce_in_India,
356,India,,1654,"Anise, badian, coriander, cumin, caraway, fennel and juniper berries, raw",2006,0.2,0.2,,Transportation,Transport,,,,Survey,"ICAR - S.K. Nanda, P.K. Vishwakarma",https://www.researchgate.net/publication/280780214_Harvest_and_post_harvest_losses_of_major_crops_and_livestock_produce_in_India,
356,India,,1654,"Anise, badian, coriander, cumin, caraway, fennel and juniper berries, raw",2006,0.68,0.68,,Collection,Farm,,,,Survey,"ICAR - S.K. Nanda, P.K. Vishwakarma",https://www.researchgate.net/publication/280780214_Harvest_and_post_harvest_losses_of_major_crops_and_livestock_produce_in_India,
356,India,,1654,"Anise, badian, coriander, cumin, caraway, fennel and juniper berries, raw",2006,3.1,3.1,,Threshing,Farm,,,,Survey,"ICAR - S.K. Nanda, P.K. Vishwakarma",https://www.researchgate.net/publication/280780214_Harvest_and_post_harvest_losses_of_major_crops_and_livestock_produce_in_India,
356,India,,1654,"Anise, badian, coriander, cumin, caraway, fennel and juniper berries, raw",2006,1.89,1.89,,Storage,Storage,,,,Survey,"ICAR - S.K. Nanda, P.K. Vishwakarma",https://www.researchgate.net/publication/280780214_Harvest_and_post_harvest_losses_of_major_crops_and_livestock_produce_in_India,
356,India,,1654,"Anise, badian, coriander, cumin, caraway, fennel and juniper berries, raw",2006,0.4,0.4,,Retailing,Storage,,,,Survey,"ICAR - S.K. Nanda, P.K. Vishwakarma",https://www.researchgate.net/publication/280780214_Harvest_and_post_harvest_losses_of_major_crops_and_livestock_produce_in_India,
356,India,,1654,"Anise, badian, coriander, cumin, caraway, fennel and juniper berries, raw",2006,0.21,0.21,,"Cleaning, Winnowing",Farm,,,,Survey,"ICAR - S.K. Nanda, P.K. Vishwakarma",https://www.researchgate.net/publication/280780214_Harvest_and_post_harvest_losses_of_major_crops_and_livestock_produce_in_India,
356,India,,1699,"Other stimulant, spice and aromatic crops, n.e.c.",2006,0.76,0.76,,Retailing,Storage,,,,,"ICAR - S.K. Nanda, P.K. Vishwakarma",https://www.researchgate.net/publication/280780214_Harvest_and_post_harvest_losses_of_major_crops_and_livestock_produce_in_India,
356,India,,1699,"Other stimulant, spice and aromatic crops, n.e.c.",2006,1.32,1.32,,Farm,Storage,,,,,"ICAR - S.K. Nanda, P.K. Vishwakarma",https://www.researchgate.net/publication/280780214_Harvest_and_post_harvest_losses_of_major_crops_and_livestock_produce_in_India,
356,India,,1699,"Other stimulant, spice and aromatic crops, n.e.c.",2006,0.22,0.22,,Transportation,Farm,,,,,"ICAR - S.K. Nanda, P.K. Vishwakarma",https://www.researchgate.net/publication/280780214_Harvest_and_post_harvest_losses_of_major_crops_and_livestock_produce_in_India,
356,India,,1699,"Other stimulant, spice and aromatic crops, n.e.c.",2006,0.13,0.13,,Packaging,Farm,,,,,"ICAR - S.K. Nanda, P.K. Vishwakarma",https://www.researchgate.net/publication/280780214_Harvest_and_post_harvest_losses_of_major_crops_and_livestock_produce_in_India,
356,India,,1699,"Other stimulant, spice and aromatic crops, n.e.c.",2006,0.67,0.67,,"Grading, Sorting",Farm,,,,,"ICAR - S.K. Nanda, P.K. Vishwakarma",https://www.researchgate.net/publication/280780214_Harvest_and_post_harvest_losses_of_major_crops_and_livestock_produce_in_India,
356,India,,1699,"Other stimulant, spice and aromatic crops, n.e.c.",2006,0.12,0.12,,Drying,Farm,,,,,"ICAR - S.K. Nanda, P.K. Vishwakarma",https://www.researchgate.net/publication/280780214_Harvest_and_post_harvest_losses_of_major_crops_and_livestock_produce_in_India,
356,India,,1699,"Other stimulant, spice and aromatic crops, n.e.c.",2006,1.14,1.14,,"Cleaning, Winnowing",Farm,,,,,"ICAR - S.K. Nanda, P.K. Vishwakarma",https://www.researchgate.net/publication/280780214_Harvest_and_post_harvest_losses_of_major_crops_and_livestock_produce_in_India,
356,India,,1699,"Other stimulant, spice and aromatic crops, n.e.c.",2006,3.66,3.66,,Harvesting,Harvest,,,,,"ICAR - S.K. Nanda, P.K. Vishwakarma",https://www.researchgate.net/publication/280780214_Harvest_and_post_harvest_losses_of_major_crops_and_livestock_produce_in_India,
356,India,,1699,"Other stimulant, spice and aromatic crops, n.e.c.",2006,0.77,0.77,,Collection,Farm,,,,,"ICAR - S.K. Nanda, P.K. Vishwakarma",https://www.researchgate.net/publication/280780214_Harvest_and_post_harvest_losses_of_major_crops_and_livestock_produce_in_India,
356,India,,1699,"Other stimulant, spice and aromatic crops, n.e.c.",2006,0.95,0.95,,Wholesale,Storage,,,,,"ICAR - S.K. Nanda, P.K. Vishwakarma",https://www.researchgate.net/publication/280780214_Harvest_and_post_harvest_losses_of_major_crops_and_livestock_produce_in_India,
356,India,,1802,Sugar cane,2006,0.14,0.14,,Retailing,Storage,,,,,"ICAR - S.K. Nanda, P.K. Vishwakarma",https://www.researchgate.net/publication/280780214_Harvest_and_post_harvest_losses_of_major_crops_and_livestock_produce_in_India,
356,India,,1802,Sugar cane,2006,3.52,3.52,,Drying,Farm,,,,,"ICAR - S.K. Nanda, P.K. Vishwakarma",https://www.researchgate.net/publication/280780214_Harvest_and_post_harvest_losses_of_major_crops_and_livestock_produce_in_India,
356,India,,1802,Sugar cane,2006,0.22,0.22,,Transportation,Farm,,,,,"ICAR - S.K. Nanda, P.K. Vishwakarma",https://www.researchgate.net/publication/280780214_Harvest_and_post_harvest_losses_of_major_crops_and_livestock_produce_in_India,
356,India,,1802,Sugar cane,2006,0.31,0.31,,"Grading, Sorting",Farm,,,,,"ICAR - S.K. Nanda, P.K. Vishwakarma",https://www.researchgate.net/publication/280780214_Harvest_and_post_harvest_losses_of_major_crops_and_livestock_produce_in_India,
356,India,,1802,Sugar cane,2006,1.16,1.16,,Processing,Storage,,,,,"ICAR - S.K. Nanda, P.K. Vishwakarma",https://www.researchgate.net/publication/280780214_Harvest_and_post_harvest_losses_of_major_crops_and_livestock_produce_in_India,
356,India,,1802,Sugar cane,2006,0.09,0.09,,Packaging,Farm,,,,,"ICAR - S.K. Nanda, P.K. Vishwakarma",https://www.researchgate.net/publication/280780214_Harvest_and_post_harvest_losses_of_major_crops_and_livestock_produce_in_India,
356,India,,1802,Sugar cane,2006,0.86,0.86,,Collection,Farm,,,,,"ICAR - S.K. Nanda, P.K. Vishwakarma",https://www.researchgate.net/publication/280780214_Harvest_and_post_harvest_losses_of_major_crops_and_livestock_produce_in_India,
356,India,,1802,Sugar cane,2006,2.78,2.78,,Harvesting,Harvest,,,,,"ICAR - S.K. Nanda, P.K. Vishwakarma",https://www.researchgate.net/publication/280780214_Harvest_and_post_harvest_losses_of_major_crops_and_livestock_produce_in_India,
356,India,,1802,Sugar cane,2006,0.83,0.83,,Farm,Storage,,,,,"ICAR - S.K. Nanda, P.K. Vishwakarma",https://www.researchgate.net/publication/280780214_Harvest_and_post_harvest_losses_of_major_crops_and_livestock_produce_in_India,
36,Australia,,1802,Sugar cane,2019,10,10%,,Farm,Farm,,,,Modelled Estimates,"Richard Collins (2019), national food waste baseline",, Reference has been generated automatically
364,Iran (Islamic Republic of),,1371,"Almonds, in shell",2001,1,1%,,Harvesting,Harvest,,,,Literature Review,Asian Productivity Organization and Food and Agriculture Organization of the United Nations,,
364,Iran (Islamic Republic of),,1371,"Almonds, in shell",2001,1,1%,,Wholesale,Wholesale,,,,Literature Review,Asian Productivity Organization and Food and Agriculture Organization of the United Nations,,
364,Iran (Islamic Republic of),,1371,"Almonds, in shell",2001,1,1%,,Retailing,Retail,,,,Literature Review,Asian Productivity Organization and Food and Agriculture Organization of the United Nations,,
364,Iran (Islamic Republic of),,1371,"Almonds, in shell",2001,3,3%,,"Sorting, Storage",Storage,,,,Literature Review,Asian Productivity Organization and Food and Agriculture Organization of the United Nations,,
364,Iran (Islamic Republic of),,1371,"Almonds, in shell",2001,1,1%,,Transportation,Transport,,,,Literature Review,Asian Productivity Organization and Food and Agriculture Organization of the United Nations,,
364,Iran (Islamic Republic of),,1375,"Pistachios, in shell",2001,1,1%,,Wholesale,Wholesale,,,,Literature Review,Asian Productivity Organization and Food and Agriculture Organization of the United Nations,,
364,Iran (Islamic Republic of),,1375,"Pistachios, in shell",2001,4.5,3 - 6%,,"Sorting, Storage",Storage,,,,Literature Review,Asian Productivity Organization and Food and Agriculture Organization of the United Nations,,
364,Iran (Islamic Republic of),,1375,"Pistachios, in shell",2001,1,1%,,Retailing,Retail,,,,Literature Review,Asian Productivity Organization and Food and Agriculture Organization of the United Nations,,
364,Iran (Islamic Republic of),,1375,"Pistachios, in shell",2001,1,1%,,Transportation,Transport,,,,Literature Review,Asian Productivity Organization and Food and Agriculture Organization of the United Nations,,
364,Iran (Islamic Republic of),,1375,"Pistachios, in shell",2001,1,1%,,Harvesting,Harvest,,,,Literature Review,Asian Productivity Organization and Food and Agriculture Organization of the United Nations,,
364,Iran (Islamic Republic of),,1376,"Walnuts, in shell",2001,2,2%,,Harvesting,Harvest,,,,Literature Review,Asian Productivity Organization and Food and Agriculture Organization of the United Nations,,
364,Iran (Islamic Republic of),,1376,"Walnuts, in shell",2001,10.5,4 - 17%,,"Sorting, Storage",Storage,,,,Literature Review,Asian Productivity Organization and Food and Agriculture Organization of the United Nations,,
364,Iran (Islamic Republic of),,1376,"Walnuts, in shell",2001,1,1%,,Retailing,Retail,,,,Literature Review,Asian Productivity Organization and Food and Agriculture Organization of the United Nations,,
364,Iran (Islamic Republic of),,1376,"Walnuts, in shell",2001,1,1%,,Wholesale,Wholesale,,,,Literature Review,Asian Productivity Organization and Food and Agriculture Organization of the United Nations,,
364,Iran (Islamic Republic of),,1376,"Walnuts, in shell",2001,1,1%,,Transportation,Transport,,,,Literature Review,Asian Productivity Organization and Food and Agriculture Organization of the United Nations,,
364,Iran (Islamic Republic of),,1376,"Walnuts, in shell",2001,5.5,4.0-7,,"Sorting, Storage",Storage,,"Improper Harvesting And Transportation Methods, Unsuitable Storage Of Products After Harvest, Poor Sorting, Improper Packaging And Distribution. Losses Also Occur During Retail Sale, Consumption And Processing",,Expert Opinion,"Baghkhandan; Ministry of Agriculture, unpublished data7",http://www.apo-tokyo.org/00e-books/AG-18_PostHarvest/AG-18_PostHarvest.pdf,
364,Iran (Islamic Republic of),,1699,"Other stimulant, spice and aromatic crops, n.e.c.",2001,2.5,2 - 3%,,"Cleaning, Collection, Distribution, Drying, Field, Harvesting, Shelling, Storage, Threshing, Transportation",Whole supply chain,,,,Literature Review,Asian Productivity Organization and Food and Agriculture Organization of the United Nations,,
376,Israel,,23520,Refined sugar,2012,3.14,3.14%,14481,,Whole supply chain,,,,FAO's annual Agriculture Production Questionnaires,FAO Sources,,
376,Israel,,23520,Refined sugar,2011,2.61,2.61%,11055,,Whole supply chain,,,,FAO's annual Agriculture Production Questionnaires,FAO Sources,,
376,Israel,,23520,Refined sugar,2010,2.29,2.29%,8560,,Whole supply chain,,,,FAO's annual Agriculture Production Questionnaires,FAO Sources,,
376,Israel,,23520,Refined sugar,2009,1.38,1.38%,6816,,Whole supply chain,,,,FAO's annual Agriculture Production Questionnaires,FAO Sources,,
376,Israel,,23520,Refined sugar,2008,1.46,1.46%,7956,,Whole supply chain,,,,FAO's annual Agriculture Production Questionnaires,FAO Sources,,
376,Israel,,23520,Refined sugar,2007,2.22,2.22%,11022,,Whole supply chain,,,,FAO's annual Agriculture Production Questionnaires,FAO Sources,,
376,Israel,,23520,Refined sugar,2006,1.66,1.66%,8591,,Whole supply chain,,,,FAO's annual Agriculture Production Questionnaires,FAO Sources,,
376,Israel,,23520,Refined sugar,2005,3.06,3.06%,11875,,Whole supply chain,,,,FAO's annual Agriculture Production Questionnaires,FAO Sources,,
376,Israel,,23520,Refined sugar,2004,2.45,2.45%,12448,,Whole supply chain,,,,FAO's annual Agriculture Production Questionnaires,FAO Sources,,
376,Israel,,23520,Refined sugar,2003,3.39,3.39%,13939,,Whole supply chain,,,,FAO's annual Agriculture Production Questionnaires,FAO Sources,,
376,Israel,,23520,Refined sugar,2002,5.56,5.56%,23554,,Whole supply chain,,,,FAO's annual Agriculture Production Questionnaires,FAO Sources,,
376,Israel,,23520,Refined sugar,2001,6.39,6.39%,28977,,Whole supply chain,,,,FAO's annual Agriculture Production Questionnaires,FAO Sources,,
376,Israel,,23520,Refined sugar,2000,12.19,12.19%,50100,,Whole supply chain,,,,FAO's annual Agriculture Production Questionnaires,FAO Sources,,
380,Italy,,24212.02,Wine,2020,22.7,22.70%,,,Whole supply chain,,,,Literature Review,"(2020), Digital platforms: mapping the territory of new technologies to fight food waste",,Sourced from Magrama 2014 b Reference has been generated automatically
392,Japan,,23520,Refined sugar,2013,0.95,0.95%,19000,,Whole supply chain,,,,FAO's annual Agriculture Production Questionnaires,FAO Sources,,
392,Japan,,23520,Refined sugar,2012,0.94,0.94%,19000,,Whole supply chain,,,,FAO's annual Agriculture Production Questionnaires,FAO Sources,,
392,Japan,,23520,Refined sugar,2011,0.91,0.91%,19000,,Whole supply chain,,,,FAO's annual Agriculture Production Questionnaires,FAO Sources,,
392,Japan,,23520,Refined sugar,2010,1.06,1.06%,19000,,Whole supply chain,,,,FAO's annual Agriculture Production Questionnaires,FAO Sources,,
392,Japan,,23520,Refined sugar,2009,0.94,0.94%,20000,,Whole supply chain,,,,FAO's annual Agriculture Production Questionnaires,FAO Sources,,
392,Japan,,23520,Refined sugar,2008,0.85,0.85%,19000,,Whole supply chain,,,,FAO's annual Agriculture Production Questionnaires,FAO Sources,,
392,Japan,,23520,Refined sugar,2007,0.85,0.85%,20000,,Whole supply chain,,,,FAO's annual Agriculture Production Questionnaires,FAO Sources,,
392,Japan,,23520,Refined sugar,2006,0.96,0.96%,20000,,Whole supply chain,,,,FAO's annual Agriculture Production Questionnaires,FAO Sources,,
392,Japan,,23520,Refined sugar,2005,0.92,0.92%,20000,,Whole supply chain,,,,FAO's annual Agriculture Production Questionnaires,FAO Sources,,
392,Japan,,23520,Refined sugar,2004,0.87,0.87%,20000,,Whole supply chain,,,,FAO's annual Agriculture Production Questionnaires,FAO Sources,,
392,Japan,,23520,Refined sugar,2003,0.86,0.86%,20000,,Whole supply chain,,,,FAO's annual Agriculture Production Questionnaires,FAO Sources,,
392,Japan,,23520,Refined sugar,2002,0.86,0.86%,20000,,Whole supply chain,,,,FAO's annual Agriculture Production Questionnaires,FAO Sources,,
392,Japan,,23520,Refined sugar,2001,0.86,0.86%,20000,,Whole supply chain,,,,FAO's annual Agriculture Production Questionnaires,FAO Sources,,
392,Japan,,23520,Refined sugar,2000,0.91,0.91%,20000,,Whole supply chain,,,,FAO's annual Agriculture Production Questionnaires,FAO Sources,,
398,Kazakhstan,,1801,Sugar beet,2016,1.91,1.91%,6600,,Whole supply chain,,,,FAO's annual Agriculture Production Questionnaires,FAO Sources,,
398,Kazakhstan,,1801,Sugar beet,2015,1.9,1.90%,3300,,Whole supply chain,,,,FAO's annual Agriculture Production Questionnaires,FAO Sources,,
398,Kazakhstan,,1801,Sugar beet,2014,2.09,2.09%,500,,Whole supply chain,,,,FAO's annual Agriculture Production Questionnaires,FAO Sources,,
398,Kazakhstan,,1801,Sugar beet,2013,2.17,2.17%,1400,,Whole supply chain,,,,FAO's annual Agriculture Production Questionnaires,FAO Sources,,
398,Kazakhstan,,1801,Sugar beet,2012,1.91,1.91%,2900,,Whole supply chain,,,,FAO's annual Agriculture Production Questionnaires,FAO Sources,,
398,Kazakhstan,,1801,Sugar beet,2011,1.9,1.90%,3800,,Whole supply chain,,,,FAO's annual Agriculture Production Questionnaires,FAO Sources,,
398,Kazakhstan,,1801,Sugar beet,2010,1.91,1.91%,2900,,Whole supply chain,,,,FAO's annual Agriculture Production Questionnaires,FAO Sources,,
398,Kazakhstan,,1801,Sugar beet,2009,1.93,1.93%,3500,,Whole supply chain,,,,FAO's annual Agriculture Production Questionnaires,FAO Sources,,
398,Kazakhstan,,1801,Sugar beet,2008,1.92,1.92%,2500,,Whole supply chain,,,,FAO's annual Agriculture Production Questionnaires,FAO Sources,,
398,Kazakhstan,,1801,Sugar beet,2007,2.1,2.10%,6500,,Whole supply chain,,,,FAO's annual Agriculture Production Questionnaires,FAO Sources,,
398,Kazakhstan,,1801,Sugar beet,2006,1.89,1.89%,6400,,Whole supply chain,,,,FAO's annual Agriculture Production Questionnaires,FAO Sources,,
398,Kazakhstan,,1801,Sugar beet,2005,1.9,1.90%,5900,,Whole supply chain,,,,FAO's annual Agriculture Production Questionnaires,FAO Sources,,
398,Kazakhstan,,1801,Sugar beet,2004,2.09,2.09%,8300,,Whole supply chain,,,,FAO's annual Agriculture Production Questionnaires,FAO Sources,,
398,Kazakhstan,,1801,Sugar beet,2002,2.26,2.26%,8400,,Whole supply chain,,,,FAO's annual Agriculture Production Questionnaires,FAO Sources,,
398,Kazakhstan,,1801,Sugar beet,2001,4.11,4.11%,11600,,Whole supply chain,,,,FAO's annual Agriculture Production Questionnaires,FAO Sources,,
398,Kazakhstan,,1801,Sugar beet,2000,4.73,4.73%,12900,,Whole supply chain,,,,FAO's annual Agriculture Production Questionnaires,FAO Sources,,
50,Bangladesh,,1699,"Other stimulant, spice and aromatic crops, n.e.c.",2005,18.18,18.18%,0.06M tons,"Cleaning, Collection, Distribution, Drying, Field, Harvesting, Shelling, Storage, Threshing, Transportation",Whole supply chain,,,,National Accounts,M. Harun-ur-Rashid,,
50,Bangladesh,,1802,Sugar cane,2005,20,20%,1.30M tons,"Cleaning, Collection, Distribution, Drying, Field, Harvesting, Shelling, Storage, Threshing, Transportation",Whole supply chain,,,,National Accounts,M. Harun-ur-Rashid,,
558,Nicaragua,,23520,Refined sugar,2005,0.69,0.69%,1722,,Whole supply chain,,,,FAO's annual Agriculture Production Questionnaires,FAO Sources,,
558,Nicaragua,,23520,Refined sugar,2004,0.62,0.62%,1803,,Whole supply chain,,,,FAO's annual Agriculture Production Questionnaires,FAO Sources,,
558,Nicaragua,,23520,Refined sugar,2003,0.58,0.58%,2154,,Whole supply chain,,,,FAO's annual Agriculture Production Questionnaires,FAO Sources,,
558,Nicaragua,,23520,Refined sugar,2002,0.83,0.83%,1744,,Whole supply chain,,,,FAO's annual Agriculture Production Questionnaires,FAO Sources,,
558,Nicaragua,,23520,Refined sugar,2001,0.52,0.52%,1303,,Whole supply chain,,,,FAO's annual Agriculture Production Questionnaires,FAO Sources,,
558,Nicaragua,,23520,Refined sugar,2000,3.13,3.13%,9196,,Whole supply chain,,,,FAO's annual Agriculture Production Questionnaires,FAO Sources,,
586,Pakistan,Northern region,1371,"Almonds, in shell",2003,6.1,6.10%,,"Cleaning, Collection, Distribution, Drying, Field, Harvesting, Shelling, Storage, Threshing, Transportation",Whole supply chain,,,,Literature Review,Asian Productivity Organization and Food and Agriculture Organization of the United Nations,,
586,Pakistan,Northern region,1376,"Walnuts, in shell",2003,6.7,6.70%,,"Cleaning, Collection, Distribution, Drying, Field, Harvesting, Shelling, Storage, Threshing, Transportation",Whole supply chain,,,,Literature Review,Asian Productivity Organization and Food and Agriculture Organization of the United Nations,,
586,Pakistan,Northern Areas,1371,"Almonds, in shell",2001,6.1,6.1,121000,,Whole supply chain,,"Levels of postharvest losses in fruits owing to
improper harvesting, handling, grading, packing, transportation and storage",,,"Study on Crop Production and Marketing in Northern Areas Development of Agriculture, Northern Areas",http://www.apo-tokyo.org/00e-books/AG-18_PostHarvest/AG-18_PostHarvest.pdf,
586,Pakistan,Northern Areas,1376,"Walnuts, in shell",2001,6.7,6.7,439000,,Whole supply chain,,"Levels of postharvest losses in fruits owing to
improper harvesting, handling, grading, packing, transportation and storage",,,"Study on Crop Production and Marketing in Northern Areas Development of Agriculture, Northern Areas",http://www.apo-tokyo.org/00e-books/AG-18_PostHarvest/AG-18_PostHarvest.pdf,
591,Panama,,1802,Sugar cane,2017,0.91,0.91%,24445,,Whole supply chain,,,,FAO's annual Agriculture Production Questionnaires,FAO Sources,,
591,Panama,,1802,Sugar cane,2016,0.91,0.91%,24197,,Whole supply chain,,,,FAO's annual Agriculture Production Questionnaires,FAO Sources,,
591,Panama,,1802,Sugar cane,2015,1,1%,23808,,Whole supply chain,,,,FAO's annual Agriculture Production Questionnaires,FAO Sources,,
591,Panama,,1802,Sugar cane,2014,1.04,1.04%,24822,,Whole supply chain,,,,FAO's annual Agriculture Production Questionnaires,FAO Sources,,
591,Panama,,23511.02,"Cane sugar, non-centrifugal",2012,5.01,5.01%,89,,Whole supply chain,,,,FAO's annual Agriculture Production Questionnaires,FAO Sources,,
591,Panama,,2351f,Raw cane or beet sugar (centrifugal only),2012,0.63,0.63%,1085,,Whole supply chain,,,,FAO's annual Agriculture Production Questionnaires,FAO Sources,,
591,Panama,,23520,Refined sugar,2012,0.96,0.96%,438,,Whole supply chain,,,,FAO's annual Agriculture Production Questionnaires,FAO Sources,,
591,Panama,,1802,Sugar cane,2011,1,1%,22639,,Whole supply chain,,,,FAO's annual Agriculture Production Questionnaires,FAO Sources,,
591,Panama,,23511.02,"Cane sugar, non-centrifugal",2011,4.97,4.97%,84,,Whole supply chain,,,,FAO's annual Agriculture Production Questionnaires,FAO Sources,,
591,Panama,,2351f,Raw cane or beet sugar (centrifugal only),2011,0.57,0.57%,947,,Whole supply chain,,,,FAO's annual Agriculture Production Questionnaires,FAO Sources,,
591,Panama,,23520,Refined sugar,2011,0.94,0.94%,453,,Whole supply chain,,,,FAO's annual Agriculture Production Questionnaires,FAO Sources,,
591,Panama,,1802,Sugar cane,2010,1,1%,22290,,Whole supply chain,,,,FAO's annual Agriculture Production Questionnaires,FAO Sources,,
591,Panama,,23511.02,"Cane sugar, non-centrifugal",2010,5.01,5.01%,189,,Whole supply chain,,,,FAO's annual Agriculture Production Questionnaires,FAO Sources,,
591,Panama,,2351f,Raw cane or beet sugar (centrifugal only),2010,0.74,0.74%,1133,,Whole supply chain,,,,FAO's annual Agriculture Production Questionnaires,FAO Sources,,
591,Panama,,23520,Refined sugar,2010,1.08,1.08%,438,,Whole supply chain,,,,FAO's annual Agriculture Production Questionnaires,FAO Sources,,
591,Panama,,1802,Sugar cane,2009,1,1%,19139,,Whole supply chain,,,,FAO's annual Agriculture Production Questionnaires,FAO Sources,,
591,Panama,,23511.02,"Cane sugar, non-centrifugal",2009,5.01,5.01%,188,,Whole supply chain,,,,FAO's annual Agriculture Production Questionnaires,FAO Sources,,
591,Panama,,2351f,Raw cane or beet sugar (centrifugal only),2009,0.7,0.70%,995,,Whole supply chain,,,,FAO's annual Agriculture Production Questionnaires,FAO Sources,,
591,Panama,,23520,Refined sugar,2009,1.05,1.05%,408,,Whole supply chain,,,,FAO's annual Agriculture Production Questionnaires,FAO Sources,,
591,Panama,,1802,Sugar cane,2008,1,1%,17749,,Whole supply chain,,,,FAO's annual Agriculture Production Questionnaires,FAO Sources,,
591,Panama,,23511.02,"Cane sugar, non-centrifugal",2008,5.01,5.01%,189,,Whole supply chain,,,,FAO's annual Agriculture Production Questionnaires,FAO Sources,,
591,Panama,,2351f,Raw cane or beet sugar (centrifugal only),2008,0.58,0.58%,838,,Whole supply chain,,,,FAO's annual Agriculture Production Questionnaires,FAO Sources,,
591,Panama,,23520,Refined sugar,2008,0.92,0.92%,399,,Whole supply chain,,,,FAO's annual Agriculture Production Questionnaires,FAO Sources,,
591,Panama,,1802,Sugar cane,2007,1,1%,17247,,Whole supply chain,,,,FAO's annual Agriculture Production Questionnaires,FAO Sources,,
591,Panama,,23511.02,"Cane sugar, non-centrifugal",2007,4.99,4.99%,226,,Whole supply chain,,,,FAO's annual Agriculture Production Questionnaires,FAO Sources,,
591,Panama,,2351f,Raw cane or beet sugar (centrifugal only),2007,0.51,0.51%,808,,Whole supply chain,,,,FAO's annual Agriculture Production Questionnaires,FAO Sources,,
591,Panama,,23520,Refined sugar,2007,0.9,0.90%,420,,Whole supply chain,,,,FAO's annual Agriculture Production Questionnaires,FAO Sources,,
591,Panama,,1802,Sugar cane,2006,2.81,2.81%,49758,,Whole supply chain,,,,FAO's annual Agriculture Production Questionnaires,FAO Sources,,
591,Panama,,23511.02,"Cane sugar, non-centrifugal",2006,5,5%,230,,Whole supply chain,,,,FAO's annual Agriculture Production Questionnaires,FAO Sources,,
591,Panama,,1802,Sugar cane,2005,2.81,2.81%,49606,,Whole supply chain,,,,FAO's annual Agriculture Production Questionnaires,FAO Sources,,
591,Panama,,23511.02,"Cane sugar, non-centrifugal",2005,5,5%,229,,Whole supply chain,,,,FAO's annual Agriculture Production Questionnaires,FAO Sources,,
591,Panama,,1802,Sugar cane,2004,2.81,2.81%,49140,,Whole supply chain,,,,FAO's annual Agriculture Production Questionnaires,FAO Sources,,
591,Panama,,23511.02,"Cane sugar, non-centrifugal",2004,5,5%,227,,Whole supply chain,,,,FAO's annual Agriculture Production Questionnaires,FAO Sources,,
591,Panama,,1802,Sugar cane,2003,2.81,2.81%,44156,,Whole supply chain,,,,FAO's annual Agriculture Production Questionnaires,FAO Sources,,
591,Panama,,23511.02,"Cane sugar, non-centrifugal",2003,5,5%,201,,Whole supply chain,,,,FAO's annual Agriculture Production Questionnaires,FAO Sources,,
591,Panama,,1802,Sugar cane,2002,2.81,2.81%,44977,,Whole supply chain,,,,FAO's annual Agriculture Production Questionnaires,FAO Sources,,
591,Panama,,23511.02,"Cane sugar, non-centrifugal",2002,5,5%,220,,Whole supply chain,,,,FAO's annual Agriculture Production Questionnaires,FAO Sources,,
591,Panama,,1802,Sugar cane,2001,2.81,2.81%,42958,,Whole supply chain,,,,FAO's annual Agriculture Production Questionnaires,FAO Sources,,
591,Panama,,23511.02,"Cane sugar, non-centrifugal",2001,5.04,5.04%,159,,Whole supply chain,,,,FAO's annual Agriculture Production Questionnaires,FAO Sources,,
591,Panama,,1802,Sugar cane,2000,2.81,2.81%,50236,,Whole supply chain,,,,FAO's annual Agriculture Production Questionnaires,FAO Sources,,
591,Panama,,23511.02,"Cane sugar, non-centrifugal",2000,4.99,4.99%,244,,Whole supply chain,,,,FAO's annual Agriculture Production Questionnaires,FAO Sources,,
616,Poland,,1801,Sugar beet,2018,0.1,0.10%,15000,,Whole supply chain,,,,FAO's annual Agriculture Production Questionnaires,FAO Sources,,
616,Poland,,1801,Sugar beet,2017,0.1,0.10%,15000,,Whole supply chain,,,,FAO's annual Agriculture Production Questionnaires,FAO Sources,,
616,Poland,,1801,Sugar beet,2016,0.1,0.10%,14000,,Whole supply chain,,,,FAO's annual Agriculture Production Questionnaires,FAO Sources,,
616,Poland,,1801,Sugar beet,2015,0.01,0.01%,1000,,Whole supply chain,,,,FAO's annual Agriculture Production Questionnaires,FAO Sources,,
616,Poland,,1801,Sugar beet,2014,0.1,0.10%,14000,,Whole supply chain,,,,FAO's annual Agriculture Production Questionnaires,FAO Sources,,
642,Romania,,1801,Sugar beet,2016,1.12,1.12%,11356,,Whole supply chain,,,,FAO's annual Agriculture Production Questionnaires,FAO Sources,,
642,Romania,,1801,Sugar beet,2015,0.34,0.34%,3532,,Whole supply chain,,,,FAO's annual Agriculture Production Questionnaires,FAO Sources,,
642,Romania,,1801,Sugar beet,2014,0.86,0.86%,11988,,Whole supply chain,,,,FAO's annual Agriculture Production Questionnaires,FAO Sources,,
752,Sweden,,1801,Sugar beet,2013,1.5,1.50%,,Layering,Farm,,,,Expert Opinion,"Hartikainen et al., 2014",,Expanded from loss factor 21097 based on the period_years.
752,Sweden,,1801,Sugar beet,2013,3.5,3.50%,,Harvesting,Harvest,,,,Expert Opinion,"Hartikainen et al., 2014",,Expanded from loss factor 21096 based on the period_years.
752,Sweden,,1801,Sugar beet,2012,1.5,1.50%,,Layering,Farm,,,,Expert Opinion,"Hartikainen et al., 2014",,Expanded from loss factor 21097 based on the period_years.
752,Sweden,,1801,Sugar beet,2012,3.5,3.50%,,Harvesting,Harvest,,,,Expert Opinion,"Hartikainen et al., 2014",,Expanded from loss factor 21096 based on the period_years.
752,Sweden,,1801,Sugar beet,2011,3.5,3.50%,,Harvesting,Harvest,,,,Expert Opinion,"Hartikainen et al., 2014",,Expanded from loss factor 21096 based on the period_years.
752,Sweden,,1801,Sugar beet,2011,1.5,1.50%,,Layering,Farm,,,,Expert Opinion,"Hartikainen et al., 2014",,Expanded from loss factor 21097 based on the period_years.
818,Egypt,,1801,Sugar beet,2018,0.74,0.74%,77000,,Whole supply chain,,,,FAO's annual Agriculture Production Questionnaires,FAO Sources,,
818,Egypt,,1801,Sugar beet,2017,0.75,0.75%,81000,,Whole supply chain,,,,FAO's annual Agriculture Production Questionnaires,FAO Sources,,
818,Egypt,,1801,Sugar beet,2016,0.75,0.75%,84000,,Whole supply chain,,,,FAO's annual Agriculture Production Questionnaires,FAO Sources,,
818,Egypt,,1801,Sugar beet,2015,0.75,0.75%,90000,,Whole supply chain,,,,FAO's annual Agriculture Production Questionnaires,FAO Sources,,
840,United States of America,,21432,Grapefruit juice,2019,47.9738,47.9738,,,Whole supply chain,,,,National Accounts,,https://www.ers.usda.gov/data-products/food-availability-per-capita-data-system/,
840,United States of America,,21397.01,Canned mushrooms,2018,35,35,,,Whole supply chain,,,,National Accounts,,https://www.ers.usda.gov/data-products/food-availability-per-capita-data-system/,
840,United States of America,,21431.01,Orange juice,2018,48.7721,48.7721,,,Whole supply chain,,,,National Accounts,,https://www.ers.usda.gov/data-products/food-availability-per-capita-data-system/,
840,United States of America,,21432,Grapefruit juice,2018,45.8415,45.8415,,,Whole supply chain,,,,National Accounts,,https://www.ers.usda.gov/data-products/food-availability-per-capita-data-system/,
840,United States of America,,21433,Pineapple juice,2018,41.3333,41.3333,,,Whole supply chain,,,,National Accounts,,https://www.ers.usda.gov/data-products/food-availability-per-capita-data-system/,
840,United States of America,,21434,Grape juice,2018,19.0909,19.0909,,,Whole supply chain,,,,National Accounts,,https://www.ers.usda.gov/data-products/food-availability-per-capita-data-system/,
840,United States of America,,21435.01,Apple juice,2018,26.6667,26.6667,,,Whole supply chain,,,,National Accounts,,https://www.ers.usda.gov/data-products/food-availability-per-capita-data-system/,
840,United States of America,,21412,"Plums, dried",2018,15.1,15.10%,,Retailing,Retail,,,,Modelled Estimates,"Ron Porat,Amnon Lichter,Leon A. Terry,Roger Harker,Jean Buzby (2018), Postharvest losses of fruit and vegetables during retail and in consumers homes: Quantifications, causes, and means of prevention",, Reference has been generated automatically
840,United States of America,,21412,"Plums, dried",2018,15.1,15.10%,,Retailing,Retail,,,,Modelled Estimates,"Ron Porat,Amnon Lichter,Leon A. Terry,Roger Harker,Jean Buzby (2018), Postharvest losses of fruit and vegetables during retail and in consumers homes: Quantifications, causes, and means of prevention",, Reference has been generated automatically
840,United States of America,,21397.01,Canned mushrooms,2017,35,35,,,Whole supply chain,,,,National Accounts,,https://www.ers.usda.gov/data-products/food-availability-per-capita-data-system/,
840,United States of America,,21431.01,Orange juice,2017,47.7591,47.7591,,,Whole supply chain,,,,National Accounts,,https://www.ers.usda.gov/data-products/food-availability-per-capita-data-system/,
840,United States of America,,21432,Grapefruit juice,2017,47.6184,47.6184,,,Whole supply chain,,,,National Accounts,,https://www.ers.usda.gov/data-products/food-availability-per-capita-data-system/,
840,United States of America,,21433,Pineapple juice,2017,41.3333,41.3333,,,Whole supply chain,,,,National Accounts,,https://www.ers.usda.gov/data-products/food-availability-per-capita-data-system/,
840,United States of America,,21434,Grape juice,2017,19.0909,19.0909,,,Whole supply chain,,,,National Accounts,,https://www.ers.usda.gov/data-products/food-availability-per-capita-data-system/,
840,United States of America,,21435.01,Apple juice,2017,26.6667,26.6667,,,Whole supply chain,,,,National Accounts,,https://www.ers.usda.gov/data-products/food-availability-per-capita-data-system/,
840,United States of America,,21397.01,Canned mushrooms,2016,35,35,,,Whole supply chain,,,,National Accounts,,https://www.ers.usda.gov/data-products/food-availability-per-capita-data-system/,
840,United States of America,,21431.01,Orange juice,2016,46.3559,46.3559,,,Whole supply chain,,,,National Accounts,,https://www.ers.usda.gov/data-products/food-availability-per-capita-data-system/,
840,United States of America,,21432,Grapefruit juice,2016,46.601,46.601,,,Whole supply chain,,,,National Accounts,,https://www.ers.usda.gov/data-products/food-availability-per-capita-data-system/,
840,United States of America,,21433,Pineapple juice,2016,41.3333,41.3333,,,Whole supply chain,,,,National Accounts,,https://www.ers.usda.gov/data-products/food-availability-per-capita-data-system/,
840,United States of America,,21434,Grape juice,2016,19.0909,19.0909,,,Whole supply chain,,,,National Accounts,,https://www.ers.usda.gov/data-products/food-availability-per-capita-data-system/,
840,United States of America,,21435.01,Apple juice,2016,26.6667,26.6667,,,Whole supply chain,,,,National Accounts,,https://www.ers.usda.gov/data-products/food-availability-per-capita-data-system/,
840,United States of America,,21397.01,Canned mushrooms,2015,35,35,,,Whole supply chain,,,,National Accounts,,https://www.ers.usda.gov/data-products/food-availability-per-capita-data-system/,
840,United States of America,,21431.01,Orange juice,2015,43.7021,43.7021,,,Whole supply chain,,,,National Accounts,,https://www.ers.usda.gov/data-products/food-availability-per-capita-data-system/,
840,United States of America,,21432,Grapefruit juice,2015,46.7764,46.7764,,,Whole supply chain,,,,National Accounts,,https://www.ers.usda.gov/data-products/food-availability-per-capita-data-system/,
840,United States of America,,21433,Pineapple juice,2015,41.3333,41.3333,,,Whole supply chain,,,,National Accounts,,https://www.ers.usda.gov/data-products/food-availability-per-capita-data-system/,
840,United States of America,,21434,Grape juice,2015,19.0909,19.0909,,,Whole supply chain,,,,National Accounts,,https://www.ers.usda.gov/data-products/food-availability-per-capita-data-system/,
840,United States of America,,21435.01,Apple juice,2015,26.6667,26.6667,,,Whole supply chain,,,,National Accounts,,https://www.ers.usda.gov/data-products/food-availability-per-capita-data-system/,
840,United States of America,,21397.01,Canned mushrooms,2014,35,35,,,Whole supply chain,,,,National Accounts,,https://www.ers.usda.gov/data-products/food-availability-per-capita-data-system/,
840,United States of America,,21431.01,Orange juice,2014,41.2515,41.2515,,,Whole supply chain,,,,National Accounts,,https://www.ers.usda.gov/data-products/food-availability-per-capita-data-system/,
840,United States of America,,21432,Grapefruit juice,2014,44.406,44.406,,,Whole supply chain,,,,National Accounts,,https://www.ers.usda.gov/data-products/food-availability-per-capita-data-system/,
840,United States of America,,21433,Pineapple juice,2014,41.3333,41.3333,,,Whole supply chain,,,,National Accounts,,https://www.ers.usda.gov/data-products/food-availability-per-capita-data-system/,
840,United States of America,,21434,Grape juice,2014,19.0909,19.0909,,,Whole supply chain,,,,National Accounts,,https://www.ers.usda.gov/data-products/food-availability-per-capita-data-system/,
840,United States of America,,21435.01,Apple juice,2014,26.6667,26.6667,,,Whole supply chain,,,,National Accounts,,https://www.ers.usda.gov/data-products/food-availability-per-capita-data-system/,
840,United States of America,,21397.01,Canned mushrooms,2013,35,35,,,Whole supply chain,,,,National Accounts,,https://www.ers.usda.gov/data-products/food-availability-per-capita-data-system/,
840,United States of America,,21431.01,Orange juice,2013,39.518,39.518,,,Whole supply chain,,,,National Accounts,,https://www.ers.usda.gov/data-products/food-availability-per-capita-data-system/,
840,United States of America,,21432,Grapefruit juice,2013,41.5846,41.5846,,,Whole supply chain,,,,National Accounts,,https://www.ers.usda.gov/data-products/food-availability-per-capita-data-system/,
840,United States of America,,21433,Pineapple juice,2013,41.3333,41.3333,,,Whole supply chain,,,,National Accounts,,https://www.ers.usda.gov/data-products/food-availability-per-capita-data-system/,
840,United States of America,,21434,Grape juice,2013,19.0909,19.0909,,,Whole supply chain,,,,National Accounts,,https://www.ers.usda.gov/data-products/food-availability-per-capita-data-system/,
840,United States of America,,21435.01,Apple juice,2013,26.6667,26.6667,,,Whole supply chain,,,,National Accounts,,https://www.ers.usda.gov/data-products/food-availability-per-capita-data-system/,
840,United States of America,,21397.01,Canned mushrooms,2012,35,35,,,Whole supply chain,,,,National Accounts,,https://www.ers.usda.gov/data-products/food-availability-per-capita-data-system/,
840,United States of America,,21431.01,Orange juice,2012,40.0592,40.0592,,,Whole supply chain,,,,National Accounts,,https://www.ers.usda.gov/data-products/food-availability-per-capita-data-system/,
840,United States of America,,21432,Grapefruit juice,2012,39.1931,39.1931,,,Whole supply chain,,,,National Accounts,,https://www.ers.usda.gov/data-products/food-availability-per-capita-data-system/,
840,United States of America,,21433,Pineapple juice,2012,41.3333,41.3333,,,Whole supply chain,,,,National Accounts,,https://www.ers.usda.gov/data-products/food-availability-per-capita-data-system/,
840,United States of America,,21434,Grape juice,2012,19.0909,19.0909,,,Whole supply chain,,,,National Accounts,,https://www.ers.usda.gov/data-products/food-availability-per-capita-data-system/,
840,United States of America,,21435.01,Apple juice,2012,26.6667,26.6667,,,Whole supply chain,,,,National Accounts,,https://www.ers.usda.gov/data-products/food-availability-per-capita-data-system/,
840,United States of America,,21397.01,Canned mushrooms,2011,35,35,,,Whole supply chain,,,,National Accounts,,https://www.ers.usda.gov/data-products/food-availability-per-capita-data-system/,
840,United States of America,,21431.01,Orange juice,2011,41.4297,41.4297,,,Whole supply chain,,,,National Accounts,,https://www.ers.usda.gov/data-products/food-availability-per-capita-data-system/,
840,United States of America,,21432,Grapefruit juice,2011,39.7023,39.7023,,,Whole supply chain,,,,National Accounts,,https://www.ers.usda.gov/data-products/food-availability-per-capita-data-system/,
840,United States of America,,21433,Pineapple juice,2011,41.3333,41.3333,,,Whole supply chain,,,,National Accounts,,https://www.ers.usda.gov/data-products/food-availability-per-capita-data-system/,
840,United States of America,,21434,Grape juice,2011,19.0909,19.0909,,,Whole supply chain,,,,National Accounts,,https://www.ers.usda.gov/data-products/food-availability-per-capita-data-system/,
840,United States of America,,21435.01,Apple juice,2011,26.6667,26.6667,,,Whole supply chain,,,,National Accounts,,https://www.ers.usda.gov/data-products/food-availability-per-capita-data-system/,
840,United States of America,,21397.01,Canned mushrooms,2010,35,35,,,Whole supply chain,,,,National Accounts,,https://www.ers.usda.gov/data-products/food-availability-per-capita-data-system/,
840,United States of America,,21431.01,Orange juice,2010,39.0435,39.0435,,,Whole supply chain,,,,National Accounts,,https://www.ers.usda.gov/data-products/food-availability-per-capita-data-system/,
840,United States of America,,21432,Grapefruit juice,2010,40.9479,40.9479,,,Whole supply chain,,,,National Accounts,,https://www.ers.usda.gov/data-products/food-availability-per-capita-data-system/,
840,United States of America,,21433,Pineapple juice,2010,41.3333,41.3333,,,Whole supply chain,,,,National Accounts,,https://www.ers.usda.gov/data-products/food-availability-per-capita-data-system/,
840,United States of America,,21434,Grape juice,2010,19.0909,19.0909,,,Whole supply chain,,,,National Accounts,,https://www.ers.usda.gov/data-products/food-availability-per-capita-data-system/,
840,United States of America,,21435.01,Apple juice,2010,26.6667,26.6667,,,Whole supply chain,,,,National Accounts,,https://www.ers.usda.gov/data-products/food-availability-per-capita-data-system/,
840,United States of America,,21397.01,Canned mushrooms,2009,35,35,,,Whole supply chain,,,,National Accounts,,https://www.ers.usda.gov/data-products/food-availability-per-capita-data-system/,
840,United States of America,,21431.01,Orange juice,2009,37.5154,37.5154,,,Whole supply chain,,,,National Accounts,,https://www.ers.usda.gov/data-products/food-availability-per-capita-data-system/,
840,United States of America,,21432,Grapefruit juice,2009,39.869,39.869,,,Whole supply chain,,,,National Accounts,,https://www.ers.usda.gov/data-products/food-availability-per-capita-data-system/,
840,United States of America,,21433,Pineapple juice,2009,41.3333,41.3333,,,Whole supply chain,,,,National Accounts,,https://www.ers.usda.gov/data-products/food-availability-per-capita-data-system/,
840,United States of America,,21434,Grape juice,2009,19.0909,19.0909,,,Whole supply chain,,,,National Accounts,,https://www.ers.usda.gov/data-products/food-availability-per-capita-data-system/,
840,United States of America,,21435.01,Apple juice,2009,26.6667,26.6667,,,Whole supply chain,,,,National Accounts,,https://www.ers.usda.gov/data-products/food-availability-per-capita-data-system/,
840,United States of America,,21397.01,Canned mushrooms,2008,35,35,,,Whole supply chain,,,,National Accounts,,https://www.ers.usda.gov/data-products/food-availability-per-capita-data-system/,
840,United States of America,,21431.01,Orange juice,2008,39.0115,39.0115,,,Whole supply chain,,,,National Accounts,,https://www.ers.usda.gov/data-products/food-availability-per-capita-data-system/,
840,United States of America,,21432,Grapefruit juice,2008,38.2684,38.2684,,,Whole supply chain,,,,National Accounts,,https://www.ers.usda.gov/data-products/food-availability-per-capita-data-system/,
840,United States of America,,21433,Pineapple juice,2008,41.3333,41.3333,,,Whole supply chain,,,,National Accounts,,https://www.ers.usda.gov/data-products/food-availability-per-capita-data-system/,
840,United States of America,,21434,Grape juice,2008,19.0909,19.0909,,,Whole supply chain,,,,National Accounts,,https://www.ers.usda.gov/data-products/food-availability-per-capita-data-system/,
840,United States of America,,21435.01,Apple juice,2008,26.6667,26.6667,,,Whole supply chain,,,,National Accounts,,https://www.ers.usda.gov/data-products/food-availability-per-capita-data-system/,
840,United States of America,,23210.04,Sugar and syrups n.e.c.,2008,11,11%,,Retailing,Retail,,,,Modelled Estimates,"J.C. Buzby, J. Hyman / Food Policy 37 (2012) 561570",,
840,United States of America,,23210.04,Sugar and syrups n.e.c.,2008,18,18%,,Consumption,Households,,,,Modelled Estimates,"J.C. Buzby, J. Hyman / Food Policy 37 (2012) 561570",,
840,United States of America,,21397.01,Canned mushrooms,2008,15,15%,,"Consumption, Retailing",Households,Canned,,,Modelled Estimates,"(2011), the value of retail- and consumer-level fruit and vegetable losses in the united states",, Reference has been generated automatically
840,United States of America,,21431.01,Orange juice,2008,15,15%,,"Consumption, Retailing",Households,,,,Modelled Estimates,"(2011), the value of retail- and consumer-level fruit and vegetable losses in the united states",, Reference has been generated automatically
840,United States of America,,21432,Grapefruit juice,2008,15,15%,,"Consumption, Retailing",Households,,,,Modelled Estimates,"(2011), the value of retail- and consumer-level fruit and vegetable losses in the united states",, Reference has been generated automatically
840,United States of America,,21433,Pineapple juice,2008,15,15%,,"Consumption, Retailing",Households,,,,Modelled Estimates,"(2011), the value of retail- and consumer-level fruit and vegetable losses in the united states",, Reference has been generated automatically
840,United States of America,,21434,Grape juice,2008,15,15%,,"Consumption, Retailing",Households,Cranberry juice,,,Modelled Estimates,"(2011), the value of retail- and consumer-level fruit and vegetable losses in the united states",, Reference has been generated automatically
840,United States of America,,21439.02,Juice of lemon,2008,15,15%,,"Consumption, Retailing",Households,,,,Modelled Estimates,"(2011), the value of retail- and consumer-level fruit and vegetable losses in the united states",, Reference has been generated automatically
840,United States of America,,21439.04,Juice of citrus fruit n.e.c.,2008,15,15%,,"Consumption, Retailing",Households,,,,Modelled Estimates,"(2011), the value of retail- and consumer-level fruit and vegetable losses in the united states",, Reference has been generated automatically
840,United States of America,,1371,"Almonds, in shell",2007,2.59,2.59%,31390,,Whole supply chain,,,,FAO's annual Agriculture Production Questionnaires,FAO Sources,,
840,United States of America,,1374,"Hazelnuts, in shell",2007,2.65,2.65%,890,,Whole supply chain,,,,FAO's annual Agriculture Production Questionnaires,FAO Sources,,
840,United States of America,,1376,"Walnuts, in shell",2007,0.33,0.33%,970,,Whole supply chain,,,,FAO's annual Agriculture Production Questionnaires,FAO Sources,,
840,United States of America,,21397.01,Canned mushrooms,2007,35,35,,,Whole supply chain,,,,National Accounts,,https://www.ers.usda.gov/data-products/food-availability-per-capita-data-system/,
840,United States of America,,21431.01,Orange juice,2007,39.0197,39.0197,,,Whole supply chain,,,,National Accounts,,https://www.ers.usda.gov/data-products/food-availability-per-capita-data-system/,
840,United States of America,,21432,Grapefruit juice,2007,42.3925,42.3925,,,Whole supply chain,,,,National Accounts,,https://www.ers.usda.gov/data-products/food-availability-per-capita-data-system/,
840,United States of America,,21433,Pineapple juice,2007,41.3333,41.3333,,,Whole supply chain,,,,National Accounts,,https://www.ers.usda.gov/data-products/food-availability-per-capita-data-system/,
840,United States of America,,21434,Grape juice,2007,19.0909,19.0909,,,Whole supply chain,,,,National Accounts,,https://www.ers.usda.gov/data-products/food-availability-per-capita-data-system/,
840,United States of America,,21435.01,Apple juice,2007,26.6667,26.6667,,,Whole supply chain,,,,National Accounts,,https://www.ers.usda.gov/data-products/food-availability-per-capita-data-system/,
840,United States of America,,1371,"Almonds, in shell",2006,3,3%,25380,,Whole supply chain,,,,FAO's annual Agriculture Production Questionnaires,FAO Sources,,
840,United States of America,,1374,"Hazelnuts, in shell",2006,2.04,2.04%,760,,Whole supply chain,,,,FAO's annual Agriculture Production Questionnaires,FAO Sources,,
840,United States of America,,1376,"Walnuts, in shell",2006,0.31,0.31%,970,,Whole supply chain,,,,FAO's annual Agriculture Production Questionnaires,FAO Sources,,
840,United States of America,,21397.01,Canned mushrooms,2006,35,35,,,Whole supply chain,,,,National Accounts,,https://www.ers.usda.gov/data-products/food-availability-per-capita-data-system/,
840,United States of America,,21431.01,Orange juice,2006,40.2945,40.2945,,,Whole supply chain,,,,National Accounts,,https://www.ers.usda.gov/data-products/food-availability-per-capita-data-system/,
840,United States of America,,21432,Grapefruit juice,2006,43.7133,43.7133,,,Whole supply chain,,,,National Accounts,,https://www.ers.usda.gov/data-products/food-availability-per-capita-data-system/,
840,United States of America,,21433,Pineapple juice,2006,41.3333,41.3333,,,Whole supply chain,,,,National Accounts,,https://www.ers.usda.gov/data-products/food-availability-per-capita-data-system/,
840,United States of America,,21434,Grape juice,2006,19.0909,19.0909,,,Whole supply chain,,,,National Accounts,,https://www.ers.usda.gov/data-products/food-availability-per-capita-data-system/,
840,United States of America,,21435.01,Apple juice,2006,26.6667,26.6667,,,Whole supply chain,,,,National Accounts,,https://www.ers.usda.gov/data-products/food-availability-per-capita-data-system/,
840,United States of America,,1371,"Almonds, in shell",2005,3.92,3.92%,27600,,Whole supply chain,,,,FAO's annual Agriculture Production Questionnaires,FAO Sources,,
840,United States of America,,1374,"Hazelnuts, in shell",2005,3.55,3.55%,890,,Whole supply chain,,,,FAO's annual Agriculture Production Questionnaires,FAO Sources,,
840,United States of America,,1376,"Walnuts, in shell",2005,0.31,0.31%,1010,,Whole supply chain,,,,FAO's annual Agriculture Production Questionnaires,FAO Sources,,
840,United States of America,,21397.01,Canned mushrooms,2005,35,35,,,Whole supply chain,,,,National Accounts,,https://www.ers.usda.gov/data-products/food-availability-per-capita-data-system/,
840,United States of America,,21431.01,Orange juice,2005,40.8924,40.8924,,,Whole supply chain,,,,National Accounts,,https://www.ers.usda.gov/data-products/food-availability-per-capita-data-system/,
840,United States of America,,21432,Grapefruit juice,2005,44.3987,44.3987,,,Whole supply chain,,,,National Accounts,,https://www.ers.usda.gov/data-products/food-availability-per-capita-data-system/,
840,United States of America,,21433,Pineapple juice,2005,41.3333,41.3333,,,Whole supply chain,,,,National Accounts,,https://www.ers.usda.gov/data-products/food-availability-per-capita-data-system/,
840,United States of America,,21434,Grape juice,2005,19.0909,19.0909,,,Whole supply chain,,,,National Accounts,,https://www.ers.usda.gov/data-products/food-availability-per-capita-data-system/,
840,United States of America,,21435.01,Apple juice,2005,26.6667,26.6667,,,Whole supply chain,,,,National Accounts,,https://www.ers.usda.gov/data-products/food-availability-per-capita-data-system/,
840,United States of America,,1371,"Almonds, in shell",2004,3.84,3.84%,30200,,Whole supply chain,,,,FAO's annual Agriculture Production Questionnaires,FAO Sources,,
840,United States of America,,1374,"Hazelnuts, in shell",2004,4.53,4.53%,1540,,Whole supply chain,,,,FAO's annual Agriculture Production Questionnaires,FAO Sources,,
840,United States of America,,1376,"Walnuts, in shell",2004,0.33,0.33%,985,,Whole supply chain,,,,FAO's annual Agriculture Production Questionnaires,FAO Sources,,
840,United States of America,,21397.01,Canned mushrooms,2004,35,35,,,Whole supply chain,,,,National Accounts,,https://www.ers.usda.gov/data-products/food-availability-per-capita-data-system/,
840,United States of America,,21431.01,Orange juice,2004,41.9772,41.9772,,,Whole supply chain,,,,National Accounts,,https://www.ers.usda.gov/data-products/food-availability-per-capita-data-system/,
840,United States of America,,21432,Grapefruit juice,2004,43.9963,43.9963,,,Whole supply chain,,,,National Accounts,,https://www.ers.usda.gov/data-products/food-availability-per-capita-data-system/,
840,United States of America,,21433,Pineapple juice,2004,41.3333,41.3333,,,Whole supply chain,,,,National Accounts,,https://www.ers.usda.gov/data-products/food-availability-per-capita-data-system/,
840,United States of America,,21434,Grape juice,2004,19.0909,19.0909,,,Whole supply chain,,,,National Accounts,,https://www.ers.usda.gov/data-products/food-availability-per-capita-data-system/,
840,United States of America,,21435.01,Apple juice,2004,26.6667,26.6667,,,Whole supply chain,,,,National Accounts,,https://www.ers.usda.gov/data-products/food-availability-per-capita-data-system/,
840,United States of America,,1371,"Almonds, in shell",2003,2.1,2.10%,16500,,Whole supply chain,,,,FAO's annual Agriculture Production Questionnaires,FAO Sources,,
840,United States of America,,1374,"Hazelnuts, in shell",2003,2.41,2.41%,830,,Whole supply chain,,,,FAO's annual Agriculture Production Questionnaires,FAO Sources,,
840,United States of America,,1376,"Walnuts, in shell",2003,0.33,0.33%,972,,Whole supply chain,,,,FAO's annual Agriculture Production Questionnaires,FAO Sources,,
840,United States of America,,21397.01,Canned mushrooms,2003,35,35,,,Whole supply chain,,,,National Accounts,,https://www.ers.usda.gov/data-products/food-availability-per-capita-data-system/,
840,United States of America,,21431.01,Orange juice,2003,41.3291,41.3291,,,Whole supply chain,,,,National Accounts,,https://www.ers.usda.gov/data-products/food-availability-per-capita-data-system/,
840,United States of America,,21432,Grapefruit juice,2003,42.5431,42.5431,,,Whole supply chain,,,,National Accounts,,https://www.ers.usda.gov/data-products/food-availability-per-capita-data-system/,
840,United States of America,,21433,Pineapple juice,2003,41.3333,41.3333,,,Whole supply chain,,,,National Accounts,,https://www.ers.usda.gov/data-products/food-availability-per-capita-data-system/,
840,United States of America,,21434,Grape juice,2003,19.0909,19.0909,,,Whole supply chain,,,,National Accounts,,https://www.ers.usda.gov/data-products/food-availability-per-capita-data-system/,
840,United States of America,,21435.01,Apple juice,2003,26.6667,26.6667,,,Whole supply chain,,,,National Accounts,,https://www.ers.usda.gov/data-products/food-availability-per-capita-data-system/,
840,United States of America,,1371,"Almonds, in shell",2002,1.91,1.91%,15300,,Whole supply chain,,,,FAO's annual Agriculture Production Questionnaires,FAO Sources,,
840,United States of America,,1374,"Hazelnuts, in shell",2002,2.15,2.15%,380,,Whole supply chain,,,,FAO's annual Agriculture Production Questionnaires,FAO Sources,,
840,United States of America,,1376,"Walnuts, in shell",2002,0.38,0.38%,980,,Whole supply chain,,,,FAO's annual Agriculture Production Questionnaires,FAO Sources,,
840,United States of America,,21397.01,Canned mushrooms,2002,35,35,,,Whole supply chain,,,,National Accounts,,https://www.ers.usda.gov/data-products/food-availability-per-capita-data-system/,
840,United States of America,,21431.01,Orange juice,2002,40.6356,40.6356,,,Whole supply chain,,,,National Accounts,,https://www.ers.usda.gov/data-products/food-availability-per-capita-data-system/,
840,United States of America,,21432,Grapefruit juice,2002,41.5765,41.5765,,,Whole supply chain,,,,National Accounts,,https://www.ers.usda.gov/data-products/food-availability-per-capita-data-system/,
840,United States of America,,21433,Pineapple juice,2002,41.3333,41.3333,,,Whole supply chain,,,,National Accounts,,https://www.ers.usda.gov/data-products/food-availability-per-capita-data-system/,
840,United States of America,,21434,Grape juice,2002,19.0909,19.0909,,,Whole supply chain,,,,National Accounts,,https://www.ers.usda.gov/data-products/food-availability-per-capita-data-system/,
840,United States of America,,21435.01,Apple juice,2002,26.6667,26.6667,,,Whole supply chain,,,,National Accounts,,https://www.ers.usda.gov/data-products/food-availability-per-capita-data-system/,
840,United States of America,,1371,"Almonds, in shell",2001,3.64,3.64%,22200,,Whole supply chain,,,,FAO's annual Agriculture Production Questionnaires,FAO Sources,,
840,United States of America,,1374,"Hazelnuts, in shell",2001,3.83,3.83%,1720,,Whole supply chain,,,,FAO's annual Agriculture Production Questionnaires,FAO Sources,,
840,United States of America,,1376,"Walnuts, in shell",2001,0.35,0.35%,960,,Whole supply chain,,,,FAO's annual Agriculture Production Questionnaires,FAO Sources,,
840,United States of America,,21397.01,Canned mushrooms,2001,35,35,,,Whole supply chain,,,,National Accounts,,https://www.ers.usda.gov/data-products/food-availability-per-capita-data-system/,
840,United States of America,,21431.01,Orange juice,2001,41.5799,41.5799,,,Whole supply chain,,,,National Accounts,,https://www.ers.usda.gov/data-products/food-availability-per-capita-data-system/,
840,United States of America,,21432,Grapefruit juice,2001,43.5971,43.5971,,,Whole supply chain,,,,National Accounts,,https://www.ers.usda.gov/data-products/food-availability-per-capita-data-system/,
840,United States of America,,21433,Pineapple juice,2001,41.3333,41.3333,,,Whole supply chain,,,,National Accounts,,https://www.ers.usda.gov/data-products/food-availability-per-capita-data-system/,
840,United States of America,,21434,Grape juice,2001,19.0909,19.0909,,,Whole supply chain,,,,National Accounts,,https://www.ers.usda.gov/data-products/food-availability-per-capita-data-system/,
840,United States of America,,21435.01,Apple juice,2001,26.6667,26.6667,,,Whole supply chain,,,,National Accounts,,https://www.ers.usda.gov/data-products/food-availability-per-capita-data-system/,
840,United States of America,,1371,"Almonds, in shell",2000,3.68,3.68%,19600,,Whole supply chain,,,,FAO's annual Agriculture Production Questionnaires,FAO Sources,,
840,United States of America,,1374,"Hazelnuts, in shell",2000,3.53,3.53%,720,,Whole supply chain,,,,FAO's annual Agriculture Production Questionnaires,FAO Sources,,
840,United States of America,,1376,"Walnuts, in shell",2000,0.45,0.45%,970,,Whole supply chain,,,,FAO's annual Agriculture Production Questionnaires,FAO Sources,,
840,United States of America,,21397.01,Canned mushrooms,2000,35,35,,,Whole supply chain,,,,National Accounts,,https://www.ers.usda.gov/data-products/food-availability-per-capita-data-system/,
840,United States of America,,21431.01,Orange juice,2000,40.8538,40.8538,,,Whole supply chain,,,,National Accounts,,https://www.ers.usda.gov/data-products/food-availability-per-capita-data-system/,
840,United States of America,,21432,Grapefruit juice,2000,43.7016,43.7016,,,Whole supply chain,,,,National Accounts,,https://www.ers.usda.gov/data-products/food-availability-per-capita-data-system/,
840,United States of America,,21433,Pineapple juice,2000,41.3333,41.3333,,,Whole supply chain,,,,National Accounts,,https://www.ers.usda.gov/data-products/food-availability-per-capita-data-system/,
840,United States of America,,21434,Grape juice,2000,19.0909,19.0909,,,Whole supply chain,,,,National Accounts,,https://www.ers.usda.gov/data-products/food-availability-per-capita-data-system/,
840,United States of America,,21435.01,Apple juice,2000,26.6667,26.6667,,,Whole supply chain,,,,National Accounts,,https://www.ers.usda.gov/data-products/food-availability-per-capita-data-system/,
862,Venezuela (Bolivarian Republic of),,23520,Refined sugar,2007,0.01,0.01%,129,,Whole supply chain,,,,FAO's annual Agriculture Production Questionnaires,FAO Sources,,
862,Venezuela (Bolivarian Republic of),,23520,Refined sugar,2006,0.02,0.02%,170,,Whole supply chain,,,,FAO's annual Agriculture Production Questionnaires,FAO Sources,,
862,Venezuela (Bolivarian Republic of),,23520,Refined sugar,2005,0.02,0.02%,129,,Whole supply chain,,,,FAO's annual Agriculture Production Questionnaires,FAO Sources,,
862,Venezuela (Bolivarian Republic of),,23520,Refined sugar,2004,0.21,0.21%,1927,,Whole supply chain,,,,FAO's annual Agriculture Production Questionnaires,FAO Sources,,
862,Venezuela (Bolivarian Republic of),,23520,Refined sugar,2003,0.08,0.08%,638,,Whole supply chain,,,,FAO's annual Agriculture Production Questionnaires,FAO Sources,,
862,Venezuela (Bolivarian Republic of),,23520,Refined sugar,2002,0.02,0.02%,176,,Whole supply chain,,,,FAO's annual Agriculture Production Questionnaires,FAO Sources,,
862,Venezuela (Bolivarian Republic of),,23520,Refined sugar,2001,0.01,0.01%,105,,Whole supply chain,,,,FAO's annual Agriculture Production Questionnaires,FAO Sources,,
862,Venezuela (Bolivarian Republic of),,23520,Refined sugar,2000,0.02,0.02%,150,,Whole supply chain,,,,FAO's annual Agriculture Production Questionnaires,FAO Sources,,
